1.0,0.248433,-1.801874,-1.116485,1.25523,-1.021899,-1.425146,1.029583,1.261154,-0.185208,-0.61897,7.187592,-8.768943
14.0,0.41489,-1.475381,-1.115128,0.601368,-0.964977,-1.11116,1.496906,0.546714,0.550823,-0.852025,6.125674,-9.879066
19.0,-1.194583,2.022795,0.123461,-1.312231,1.239347,0.084504,-1.239851,-1.28966,-0.943274,-1.550521,6.653216,-31.241312
20.0,-1.334598,-1.022303,-1.357209,1.672648,-0.766522,-1.165372,1.670077,0.924172,0.483971,-0.325489,7.775698,-7.933846
28.0,-1.154966,1.497271,0.805917,-1.077506,0.790392,1.752247,-0.862368,-1.119481,-1.457309,-0.827626,4.341275,-29.508254
30.0,1.909826,0.080479,0.623776,0.622772,0.278753,0.449957,0.179908,0.135925,0.96963,0.308805,-1.507591,-20.298558
41.0,0.040692,-1.051057,-2.119835,0.813262,-0.948548,-0.872254,1.423556,-0.14459,0.367038,-0.187535,6.592415,-9.709499
44.0,0.171593,-0.51599,-0.630871,0.942658,-0.547516,-1.226405,0.715619,0.464931,1.766292,-0.855966,3.098582,-14.677858
46.0,0.545967,0.628595,0.859495,0.242551,0.642099,0.588331,0.588735,-0.156074,1.055744,1.594054,-0.91897,-20.258715
65.0,-0.167373,1.217416,1.602578,-0.660637,0.679283,1.975299,-0.694827,-0.71558,-1.229753,-0.180198,4.433971,-29.199456
68.0,0.52819,0.428713,0.345659,-0.470827,0.323636,1.27421,-0.125016,-0.272593,0.838444,1.702395,-1.40959,-24.042312
70.0,0.855536,-1.092772,-0.340367,0.844331,-0.876613,-0.769573,0.681127,0.791589,1.806728,0.035885,2.185415,-15.68429
86.0,0.196315,-1.391589,-1.173796,1.046156,-1.299652,-1.074191,1.404167,1.680192,0.381183,-0.866463,7.989346,-7.679523
87.0,0.378359,-0.875147,-0.484904,1.25576,-0.504817,-0.695922,0.428246,0.504981,0.628496,0.022848,3.279333,-14.592864
92.0,-0.669454,-0.989051,-1.655098,0.552038,-1.031812,-1.485162,1.084049,1.064739,0.20479,-0.291065,4.814389,-12.153689
98.0,1.596099,-0.373327,-0.348438,0.760344,-0.597745,-1.720859,-0.317676,0.765224,0.840986,0.059289,1.01548,-17.219378
99.0,0.341215,-1.122084,-1.384356,1.514666,-0.787618,-0.998272,0.637616,0.883262,0.931414,-1.396274,6.000414,-11.080295
101.0,-0.388273,1.567412,0.276731,-0.966933,1.559743,0.889047,-0.882181,-0.953191,-1.353114,0.085376,5.84991,-30.508718
106.0,0.411733,0.226648,-0.292838,0.620908,-0.555427,-0.754277,-0.477106,0.27782,1.775147,1.271976,0.818008,-17.355423
111.0,0.425031,-0.820221,-1.168928,0.958853,-1.46944,-1.357857,0.382131,0.669568,-0.076581,-0.626546,7.702553,-8.105167
114.0,-0.879458,1.175211,1.522211,-1.499733,0.357637,1.658428,-1.135804,-1.124162,-1.279723,0.191438,4.177759,-29.249819
115.0,0.860872,-1.388538,-1.330417,0.869473,-0.829655,-0.262661,1.618662,1.001196,1.6513,0.892975,1.481853,-16.066061
119.0,1.118282,0.451813,0.542611,-0.603365,0.384056,0.23334,-0.552034,0.102281,-1.04789,1.402107,-1.266982,-24.193692
120.0,-1.352852,1.342918,0.420235,-0.707784,0.480721,1.27429,-1.559835,-1.171861,-1.474079,-0.056229,4.650889,-29.694883
121.0,-1.273784,1.208276,0.646249,-0.951656,0.561269,1.399955,-1.466711,-1.237058,-1.566663,-0.255929,4.959169,-29.806106
130.0,-0.334819,1.117921,0.831118,-0.761878,0.76061,1.275744,-1.218299,-1.298388,-1.244011,0.109613,5.330854,-29.916018
132.0,0.041598,0.680839,2.00034,-1.247993,0.786693,1.080443,-0.844353,-0.69661,-1.387801,0.693197,2.527935,-27.800063
137.0,1.930027,-0.379768,-0.216056,0.704303,-0.671665,-0.298574,0.411235,-0.089164,0.748583,1.130277,-0.439002,-19.287207
144.0,-1.023827,0.766218,0.518532,-0.913847,0.964796,1.100068,-0.954236,-1.114614,-1.190523,0.016022,5.716421,-29.955546
147.0,-1.032263,0.604785,1.153967,-0.878777,0.716857,1.912215,-1.681312,-0.761194,-1.232952,-1.075652,2.947465,-28.058483
152.0,1.569101,0.564912,0.473972,-0.638142,-0.24451,0.40545,0.944811,-0.127997,0.873024,0.195406,-1.471535,-20.331117
157.0,-0.202126,-1.115891,-0.878584,0.615562,-0.902181,-0.939686,1.030051,1.147688,1.225439,-0.233586,4.623335,-12.03133
159.0,0.505829,0.585041,1.43005,-0.744887,-0.281504,0.589468,-1.237522,-0.546356,-0.710196,2.3006,-0.844121,-25.178788
164.0,-1.787824,1.079687,1.488938,-1.372074,0.913391,1.562939,-1.225759,-1.636339,-1.16279,0.008696,3.919231,-28.642916
165.0,1.241332,-0.24443,0.280459,0.33841,0.326073,0.482295,0.317127,0.514549,-0.532763,0.884522,-1.023477,-19.633633
170.0,0.103237,-0.854514,-0.503773,0.553712,-0.744561,-1.360006,1.252021,1.143028,1.362633,-0.079067,5.282651,-11.952563
177.0,-0.765309,-1.051476,-0.937825,0.804531,-1.194059,-0.787567,0.464252,0.748066,0.002132,-0.726552,8.474439,-7.718555
179.0,-0.163161,0.691058,1.033545,-0.499058,0.17668,1.140925,-0.404054,-0.409197,-0.861002,0.795224,-1.016488,-24.76349
182.0,0.08322,-0.617591,-1.169943,1.25355,-0.664197,-1.060318,0.379291,0.573613,0.904543,-0.739621,5.043613,-11.429781
183.0,0.919893,0.199928,0.793303,0.430705,0.417343,0.348764,0.103558,0.094303,0.403182,1.521653,-1.769024,-21.286731
199.0,0.536725,-0.088868,-0.751471,0.677165,-0.531549,-0.273978,0.672389,0.972864,1.740705,-0.10276,0.471889,-18.115724
203.0,-0.046512,-1.055162,-0.617653,1.102187,-0.956355,-0.289436,0.592414,1.140881,1.457448,-0.167298,4.436573,-12.88802
212.0,0.691347,0.238669,0.452737,0.569101,-0.241543,0.168928,0.444525,0.851099,0.440369,1.622604,-1.399773,-21.282423
213.0,-1.173802,0.981228,0.612008,-0.982193,0.282155,-0.436173,-0.285858,-0.099873,-0.406276,2.026722,-1.044856,-24.784494
217.0,0.553602,0.27457,0.484241,0.053646,1.113433,0.443169,-0.437104,-0.167427,0.69841,1.550785,-0.857282,-22.049779
220.0,0.157281,-0.893305,-1.319759,0.649848,-0.495652,-0.07193,1.097972,0.972604,1.699425,0.493713,1.470881,-16.156775
223.0,2.184148,0.818677,0.635548,0.466482,0.007795,0.747479,-0.506476,0.369827,0.63033,2.036843,-1.350769,-20.082686
226.0,1.65555,-0.655899,0.57776,0.016561,0.342225,1.065253,-0.043285,0.491194,1.102608,2.229448,-0.512214,-19.580807
227.0,0.524684,0.752527,0.755549,0.426818,0.195772,0.590213,0.511468,0.332749,0.356806,1.761134,-1.443593,-20.11467
232.0,1.141126,0.322582,0.368261,0.074889,0.162475,0.321008,0.249677,0.410637,0.768644,1.361388,-1.36906,-20.077003
237.0,0.713707,-0.799173,-1.036826,1.40811,-1.300431,-1.394499,1.761245,1.331972,0.855621,-0.78769,6.732127,-9.323238
238.0,-0.882932,0.179195,1.476742,-1.012117,0.714148,1.819678,-0.849334,-1.546024,-1.24604,-0.046435,4.66906,-29.335903
239.0,-0.267928,-0.975164,-0.839446,1.143826,-0.390676,-1.097494,1.173728,1.074587,1.283276,0.077437,5.20676,-11.874921
251.0,-0.725765,1.369081,1.754002,-0.971833,0.802976,1.824127,-1.297895,-1.173353,-1.038719,-2.096505,3.000266,-28.181788
252.0,-0.083797,-1.363398,-1.357367,0.614138,-1.534878,-1.396471,1.305572,1.368194,0.367831,-0.658185,8.033397,-7.737842
253.0,1.802157,-0.755123,-0.139168,0.347054,0.066624,-0.334223,0.819996,0.102501,0.692747,-0.123216,0.600728,-17.809757
256.0,-0.267519,-1.221995,-1.467759,1.121477,-1.236485,-1.066398,1.341075,1.211777,-0.012178,-1.111,7.513163,-8.545917
257.0,1.333934,0.02648,0.299653,0.302013,-0.645256,-0.124605,0.347209,0.429667,1.506636,0.248835,-0.210962,-18.382151
273.0,-1.555944,-1.142352,-1.572841,0.441619,-0.982227,-1.007862,0.80587,0.77008,0.395401,-0.735947,8.219992,-7.57365
279.0,1.490713,0.597158,0.317506,-0.570459,0.190896,0.25175,-0.85005,0.292282,-0.371323,1.363356,-1.41391,-21.51022
280.0,0.400314,-0.946929,-1.37037,0.78896,-1.119862,-1.408786,1.341742,1.496147,0.196195,-0.481016,7.009358,-9.026158
281.0,-0.295138,-1.339676,-0.895662,1.071635,-1.182616,-1.880223,0.662895,1.309873,1.428863,-0.942269,4.285261,-12.47322
288.0,1.111363,0.210287,0.734848,0.613656,0.063615,0.679704,0.66813,0.229682,0.389026,1.118114,-1.687259,-20.813827
289.0,1.117585,0.933425,0.417238,0.008738,0.952462,0.73845,-0.570266,0.132798,0.237963,2.318022,-0.935847,-22.622997
299.0,0.090558,-1.132726,-1.746318,0.511914,-1.147681,-1.187364,0.925065,0.755673,0.388508,-0.665568,7.716141,-8.005337
302.0,1.206946,0.415286,0.193081,0.133195,0.667594,0.816252,0.63539,0.40306,0.614917,-0.091628,-0.649983,-19.293748
303.0,1.035733,-0.208503,0.011387,1.017241,-0.617182,-0.038739,0.784986,0.970467,1.72953,0.642208,1.018274,-17.435335
304.0,0.828032,-0.770383,-0.466653,1.517938,-1.020812,-0.700375,0.549691,0.945181,1.245337,-0.133623,3.788281,-13.228725
306.0,0.163163,1.101883,-0.581408,-0.96667,1.257987,0.928937,-1.217812,-1.471117,-1.738459,-0.508531,6.193827,-30.771782
311.0,-0.40279,0.560986,2.008455,-0.895683,1.02188,0.823147,-0.843291,-0.780766,-0.536087,0.744153,2.59771,-27.735224
313.0,-0.460412,-1.249187,-1.377463,1.115674,-1.36155,-0.917066,1.083304,1.157522,-0.56386,-0.638897,8.207003,-7.527879
316.0,1.074053,-0.081243,0.00419,0.058266,-0.274257,-0.649585,0.546999,1.013402,1.67893,0.174185,0.026836,-17.981587
318.0,0.673651,0.457147,1.322505,-0.179258,0.638251,1.352808,-0.247458,-0.030515,0.453185,2.149922,-1.314778,-22.653924
325.0,0.111385,-1.665866,-0.707406,0.822832,-0.43272,-0.302577,1.129275,1.536458,0.607608,-0.566958,4.610384,-12.658791
331.0,-1.064239,1.325558,0.612398,-1.26828,1.18508,0.593421,-1.302547,-1.510904,-1.323535,-0.298704,6.756001,-30.95937
333.0,-1.252584,1.561031,0.38655,-1.335818,0.61482,0.605227,-1.245467,-0.865754,-1.352193,-0.349422,6.988476,-30.968761
336.0,-0.143307,-0.695114,-0.557627,0.933544,-0.480853,-1.431057,0.698246,0.761441,0.506583,0.056582,4.328071,-12.373038
339.0,-1.274472,1.78906,0.687093,-0.621411,1.25846,0.63723,-1.057134,-0.537953,-1.557745,-0.822951,7.729437,-31.542014
343.0,1.360231,0.47666,1.154282,-0.761667,0.733951,1.093756,-0.551148,-0.919945,-0.684978,1.648286,-1.368799,-24.697084
345.0,1.486211,-0.509774,0.389693,0.105192,-0.808642,0.215369,0.122561,0.386971,1.542723,-0.702606,0.332206,-18.453539
346.0,-0.62531,0.981588,0.801041,-1.136857,1.07158,1.143721,-1.085257,-0.766143,-0.976815,0.382207,5.221589,-29.80491
349.0,-0.042125,0.430444,0.553369,-0.60604,-0.003275,0.506005,-0.452449,-0.177283,0.071267,1.247575,-0.043201,-25.77923
357.0,1.654236,1.040086,-0.066609,-0.264079,0.393687,0.095288,0.603402,-0.058232,0.512808,1.937308,-1.452528,-20.785212
359.0,-0.002996,-0.787291,-2.42089,1.09281,-1.291231,-1.696364,1.307309,1.04055,0.971702,-0.77653,7.734053,-8.463218
364.0,1.645532,-0.895395,-0.317783,1.04741,-0.483133,-1.300392,0.699071,0.271083,1.147788,0.432595,2.767883,-15.005024
365.0,0.433228,-1.39526,-0.623085,1.405989,-0.476507,-1.312117,0.985,1.087688,1.745472,-0.453492,3.090353,-14.739771
368.0,-2.337322,1.110802,1.369011,-1.089225,1.113075,1.658291,-0.803601,-1.698118,-1.212993,-1.407546,4.467396,-29.158108
370.0,1.197247,0.521574,0.937664,-0.539895,0.130905,0.788582,-0.810861,-0.858273,0.2617,1.979993,-1.388791,-23.699163
371.0,-0.89926,0.36997,1.655316,-0.913797,0.539755,1.242047,-1.234907,-1.505804,-1.419072,1.105019,0.628616,-26.454509
375.0,-0.456914,1.385744,0.992192,-1.454788,1.041776,1.075935,-1.444651,-1.16863,-1.666993,-0.183857,6.519893,-30.956663
376.0,-0.821167,0.978535,1.212634,-1.224124,0.82196,1.696161,-1.111315,-0.785432,-1.008023,-0.308332,3.044642,-28.078165
382.0,2.257875,-0.570237,-0.013944,-0.305376,-0.153961,0.006377,0.649441,0.666032,0.991797,0.105532,0.600793,-18.132871
384.0,-0.672175,-0.591434,-1.036127,1.335015,-0.643966,-1.202147,0.196918,1.078097,0.310558,0.447892,5.616747,-11.270225
386.0,1.088118,0.206724,0.301957,0.425504,0.616166,-0.225689,0.2693,0.422176,0.595432,2.419381,-1.607992,-21.157165
391.0,0.147305,-0.546063,-1.174143,0.642013,-1.124595,-1.471809,0.772245,0.822412,0.669013,-0.662164,6.023987,-10.152738
394.0,-1.24637,1.247911,1.445093,-1.472443,0.638884,1.97596,-0.894438,-0.85706,-1.107428,-0.866024,3.656005,-28.798711
396.0,0.746589,-0.375519,-0.338417,0.912168,-1.110038,-0.189655,0.389105,0.042331,1.46698,1.062346,2.142654,-15.961206
411.0,0.057152,-1.061204,-1.48035,1.209066,-1.20519,-1.625208,1.186032,0.633863,0.238009,-0.983693,6.021897,-10.419711
427.0,0.940386,-0.395238,-0.772316,0.493046,-1.111002,-0.569193,0.591584,0.743687,1.385858,0.109449,1.037008,-17.300163
429.0,-0.484839,0.779592,1.56044,-1.002516,0.61101,1.265502,-1.106685,-0.947031,-0.820084,0.248896,2.402552,-27.753944
430.0,0.67406,-1.025792,-0.877546,1.113396,-1.305351,-1.372165,1.070373,1.025224,1.717533,-0.5699,4.028943,-13.083336
432.0,-0.203692,-0.740279,-0.901163,0.700069,-1.363716,-1.073923,0.474704,0.78541,0.550089,0.016613,5.06903,-11.383731
434.0,1.588413,0.48869,0.551425,-0.049299,0.34376,0.370358,-0.352402,0.632236,1.081786,0.458772,-1.268123,-19.81895
436.0,-1.031461,1.339997,0.525747,-1.358251,1.231103,1.083501,-1.91966,-1.779166,-0.685452,-2.847029,7.186036,-31.327406
441.0,0.894104,-0.907243,-0.483449,0.474311,-0.689978,-0.84359,0.368085,0.245686,0.549183,-0.699372,0.693647,-17.638137
443.0,-0.647921,-0.882318,-0.971505,0.638889,-1.260318,-1.22877,1.328981,1.607505,-0.010662,-0.723793,6.985558,-8.349723
449.0,1.125077,-0.746449,0.071332,0.185442,-0.964928,-0.49128,-0.073838,1.006704,0.628298,-0.296684,0.713488,-17.577517
454.0,1.722124,0.012209,0.277758,0.343075,0.149724,0.592073,-0.111009,0.321118,0.893194,-0.755487,-0.403828,-19.092458
458.0,-0.347025,-1.399806,-0.991262,0.577054,-0.658291,-0.566623,0.805534,1.382636,0.653961,0.040412,4.777477,-12.728855
463.0,0.808033,-0.473558,-1.069214,0.624666,-1.034163,-0.828325,0.596957,1.256757,1.21057,-0.902694,1.8977,-15.751004
465.0,-0.148956,0.550071,1.593776,-1.536071,0.279202,0.51199,-1.010894,-1.386099,-0.080373,1.243687,-0.032276,-25.614605
468.0,-0.695603,0.597429,1.297972,-0.531452,0.803261,1.197489,-0.127564,-0.851606,-0.062203,1.503305,0.195447,-25.939264
491.0,0.220459,-1.598306,-0.932586,1.180628,-0.784453,-1.280084,1.370737,0.885922,0.366839,-1.883867,5.820095,-11.122396
492.0,-1.284464,1.431053,1.492685,-1.683166,0.740038,1.47032,-1.473251,-1.327582,-0.66174,0.054601,3.397009,-28.350166
501.0,-0.173339,1.776385,0.554693,-0.906778,1.136195,1.226568,-1.60856,-1.461698,-0.960964,-0.026074,5.773638,-30.174518
502.0,-0.543312,1.397009,0.573635,-1.24934,0.646998,1.123481,-0.813131,-0.841997,-1.266264,0.042486,5.45769,-30.278375
504.0,0.76929,-0.727293,-0.787375,0.6572,-0.443122,-1.396888,1.146409,1.160115,0.85655,-0.210406,3.858047,-13.292941
511.0,0.288564,-0.974742,-0.945801,0.49345,-1.570301,-1.100217,1.58072,0.574377,0.879127,0.122606,6.493877,-10.311026
513.0,0.346836,-1.555863,-1.605813,0.264095,-0.524764,-0.963753,1.724341,1.317089,1.165529,-1.180382,7.085364,-9.184283
528.0,-0.185328,0.795963,1.756816,-1.44434,0.886175,1.295695,-0.797524,-1.780942,-1.117678,0.068968,1.45536,-27.311931
551.0,0.234393,-1.184117,-0.836021,1.558909,-0.792586,-0.975842,1.123087,1.650842,0.945926,-0.843722,7.669763,-8.635764
552.0,0.336597,-0.891776,-0.351711,1.284014,-0.879932,-0.749211,0.694151,0.78177,1.604108,0.328808,1.980836,-15.533622
554.0,-0.876926,0.330718,1.835523,-1.189714,-0.140426,1.310329,-0.819973,-1.177346,-0.883548,-0.074534,2.85999,-28.125142
556.0,0.384621,-0.76637,-1.39973,1.342303,-1.121525,-1.0043,-0.235752,1.195958,0.482698,-0.571608,5.314542,-11.214677
557.0,0.900615,0.455407,1.704993,-1.2987,-0.288287,1.012757,-0.326607,-0.987478,-0.292112,2.036121,-0.926244,-24.926711
560.0,1.339289,-0.348182,0.276361,-0.117281,0.33127,0.800399,1.1717,0.348899,0.905032,1.64807,-1.248295,-20.469933
565.0,2.152592,-0.196691,-0.19116,0.026975,0.853222,0.175665,0.719255,0.100054,0.634972,0.493737,-0.453796,-19.220102
566.0,-1.762249,1.164438,0.928091,-1.111525,1.071268,1.245789,-1.589942,-0.752232,-0.970095,-0.439839,4.895434,-29.724145
576.0,0.373275,0.889485,1.312283,-0.52688,0.921842,0.882225,-0.760368,-0.309911,0.075725,2.186387,-1.072421,-24.74325
583.0,-0.339038,0.691426,1.247878,-0.825149,1.044379,1.293472,-0.974864,-0.883509,-1.164393,1.445788,1.697777,-27.285864
589.0,-0.409317,0.923353,0.368334,-1.292019,0.539954,0.580453,-0.964168,-1.565702,-1.612435,-0.194751,7.147703,-31.386033
594.0,0.272908,-0.220793,0.253017,0.696859,-0.007941,0.021012,0.547814,0.284436,1.49053,-0.040251,0.121343,-18.385089
601.0,0.928015,0.341534,0.61955,0.625565,0.346761,-0.370748,0.862459,0.398278,0.640808,2.413866,-1.975464,-21.156329
604.0,-0.30214,0.443376,0.921774,-0.540286,0.279705,0.422649,-0.707883,-0.625509,-0.805158,2.632542,-1.357314,-23.951718
605.0,0.761883,0.427502,0.629439,-0.295608,1.020926,0.631344,-0.155849,-0.194184,-1.215032,1.089161,-0.139017,-25.403161
607.0,-1.038394,1.398727,0.505519,-1.735243,1.017866,1.352047,-1.080349,-1.252035,-0.741016,0.462552,3.616154,-28.563081
615.0,1.924535,-0.861932,-0.466546,0.909295,-0.895076,-1.205548,1.001449,1.329795,1.144158,-1.427171,1.918604,-15.814874
618.0,0.41056,-1.010926,-0.187784,1.427693,-0.615197,-0.034942,0.369589,0.889978,1.435393,0.692211,2.767652,-14.849121
624.0,-1.28836,1.309242,0.497418,-0.672297,1.341642,1.018661,-1.248199,-1.764445,-0.965922,-0.385527,7.597005,-31.733781
625.0,0.109932,0.256801,1.916541,-1.53294,0.882631,1.134673,-0.674211,-0.47758,-1.5946,0.829883,1.106633,-26.607287
630.0,0.669579,-0.661079,-0.650115,0.943026,-0.616778,-0.856331,0.745665,1.495865,0.317661,-0.477239,3.039348,-14.289302
637.0,0.326768,-0.847345,-0.68053,1.258828,-0.907748,-0.838464,0.309502,0.527188,0.858787,-0.561719,5.760173,-10.745422
638.0,1.928393,-0.818569,0.061561,0.888982,-0.835018,-0.668126,0.637449,1.264701,1.674861,0.931292,1.889108,-15.661943
641.0,-0.121794,1.266696,1.756167,-0.823199,0.575518,1.339559,-0.927389,-0.845949,-0.999712,1.433994,1.997037,-27.313328
643.0,-0.043944,-1.507925,-0.955349,0.972696,-0.811172,-1.008745,1.2605,0.705528,1.027668,-0.37209,2.473354,-15.408647
646.0,-0.498288,1.481782,1.009972,-0.959864,0.895966,1.081867,-1.548464,-1.551829,-1.321435,-0.485087,7.028644,-31.169392
650.0,-1.665687,1.772321,0.500039,-1.26885,0.820452,0.411296,-1.442856,-0.94465,-1.487611,0.053494,7.685508,-31.648672
659.0,0.257255,-0.306486,-0.785538,0.236896,-0.715152,0.076619,0.496305,0.601129,1.037617,0.031006,0.962658,-17.367715
662.0,-0.628049,0.98654,1.48799,-1.365048,0.897673,0.986548,-0.282332,-0.670665,-1.033213,0.603888,1.72708,-27.05496
663.0,-0.651453,-0.759074,-1.250216,1.142319,-1.056201,-1.127679,0.359232,1.594752,-0.049028,-0.593282,7.242571,-8.914091
665.0,2.339993,1.06542,0.947328,-0.05336,0.348864,1.035199,0.567795,0.246939,0.202425,1.786687,-1.561833,-21.847794
667.0,0.176671,-0.435968,-0.400653,0.571047,-0.625424,-0.240933,-0.19612,0.573746,-0.379979,0.954448,-0.886541,-19.554594
675.0,0.926833,-0.753221,-0.733763,1.500759,-0.671184,-0.393908,0.751606,0.847822,0.211681,-0.325427,4.791724,-12.011564
677.0,-0.49546,-0.604194,-0.08753,0.353431,-1.020289,-1.36442,0.881269,0.897919,0.766909,0.119781,5.364412,-11.541705
684.0,2.209328,-0.935365,-0.385173,0.70171,-0.449446,-0.132171,0.613409,0.750073,1.539667,0.996211,-0.673505,-19.142908
697.0,0.500079,-0.939297,-1.421781,1.315039,-1.014774,-1.329577,0.484325,1.360151,0.739816,-0.936744,5.414203,-11.577512
702.0,0.945461,-0.667442,-0.656962,0.849334,-0.86049,-1.41567,0.761638,0.251632,0.765174,0.158228,2.636068,-15.240161
703.0,-0.693404,1.418444,0.715934,-1.097071,0.940499,1.440999,-1.399611,-1.466078,-1.414182,0.431934,6.107439,-30.530692
706.0,-0.564917,-1.159437,-1.847616,0.364792,-1.09626,-1.315305,1.030783,0.665771,0.222981,-1.039939,7.596952,-8.551468
711.0,0.128458,-0.603732,-1.058206,1.528198,-1.218052,-0.875491,0.991344,0.373329,0.242546,-0.43283,6.344906,-10.243505
714.0,-0.979783,0.640685,1.537524,-1.245486,0.801466,1.885361,-1.123862,-1.440671,-1.054065,-0.128206,3.605828,-28.969036
719.0,1.13375,-0.825515,-0.172815,0.10605,-0.713382,-0.366412,-0.484065,0.726427,1.445618,-0.488161,0.406241,-17.845634
725.0,0.331545,-0.92056,-0.543108,1.592824,-0.716218,-0.198471,0.532491,1.086485,1.52093,-0.171218,3.499444,-14.456308
729.0,-0.190391,0.732286,1.361966,-0.526772,0.649891,0.992735,-0.595649,-0.628885,-0.897242,1.572132,0.671575,-26.035756
734.0,-1.452749,0.604592,1.323236,-0.498235,-0.733735,1.048342,-0.573836,-0.318682,-0.676556,2.819043,-0.97721,-24.2044
739.0,0.554661,-0.258668,-0.473447,0.949956,-0.308507,-0.212343,0.959667,1.06323,1.457237,-0.963561,1.574534,-16.52417
740.0,1.002132,-0.442338,-1.52037,0.468924,-0.82935,-0.733347,0.357949,1.42341,1.583876,-0.28161,2.531129,-15.272201
741.0,0.237902,0.513765,1.10786,0.020606,0.228829,1.007461,-0.309313,-0.142471,-0.232435,2.144587,-1.139157,-23.606595
743.0,0.479623,0.89261,1.126665,-0.426907,0.524341,0.82071,-0.286407,-1.069683,-1.083107,1.926594,-1.226096,-24.111833
744.0,-0.529227,1.026625,1.190538,-1.098323,0.309212,1.90268,-1.005458,-0.658412,-0.778274,-0.160358,3.11557,-28.315877
748.0,0.358176,0.509296,1.521995,-1.122051,0.52522,0.764896,-1.117913,-1.411082,-0.131347,0.720458,0.92048,-26.342703
749.0,-0.029825,0.374396,1.472779,-1.047598,-0.013121,0.49361,-1.050887,-0.262331,-0.892829,2.201512,-1.352917,-23.779088
753.0,-0.354299,1.161301,1.292409,-1.781017,0.848833,1.591373,-1.697577,-0.627646,-1.678069,-0.262817,4.157561,-29.163144
764.0,2.378318,-0.013653,-0.299974,0.758139,-0.556032,-0.59202,0.196872,0.195467,0.802044,0.332048,-0.647156,-18.864373
776.0,0.800435,-0.913179,-0.796169,1.250594,-0.94535,-1.028165,2.110213,1.333089,1.020536,-1.653493,6.808753,-9.294695
780.0,-0.138155,-0.617669,1.498466,-0.581425,0.674292,1.351531,-0.497458,-0.869606,-0.691756,1.464461,-0.355629,-25.416828
786.0,0.215004,0.943204,1.9839,-0.838391,0.889706,0.829578,-0.567725,-1.207109,-0.633854,1.226113,1.428733,-27.110219
797.0,-0.412033,0.335457,1.458857,-1.266226,0.675288,1.000849,-1.142077,-1.446796,-1.0925,0.643011,0.640492,-26.452425
800.0,0.214882,-1.394956,-1.640074,1.629134,-1.739461,-0.623099,1.344451,1.257936,0.756779,-0.391725,6.619955,-10.002337
803.0,-1.083033,1.890659,0.053135,-1.614264,1.242954,0.952957,-1.387706,-0.6044,-1.714167,-0.926231,7.035327,-31.447285
811.0,0.284848,1.021313,0.677971,-0.811856,0.658079,1.265362,-1.209814,-0.913569,-1.008013,-0.05541,4.695492,-29.499133
817.0,0.641909,-1.111204,-0.990361,1.424128,-0.623456,-2.040401,-0.030653,1.19954,1.066581,-0.749239,5.203729,-11.581754
820.0,-0.310712,1.424489,0.038449,-0.983127,0.489293,0.937722,-1.587593,-1.394683,-0.941895,-0.128184,7.415867,-31.297112
825.0,1.044054,0.649563,0.770042,0.724242,0.22494,1.210455,0.155657,0.284367,0.679871,1.031407,-0.769539,-19.912404
828.0,1.102128,0.33562,0.388205,0.072607,-0.451455,-0.715002,0.666418,-0.062803,0.449381,0.299906,-1.821122,-20.448395
830.0,1.788613,-1.32003,-1.000391,1.130053,-0.565066,-0.270812,0.837527,0.282215,1.574104,-0.101364,1.925787,-16.229144
831.0,1.343797,1.16618,0.437342,0.714245,0.085247,0.741366,0.267855,0.123205,0.608938,1.473294,-1.028347,-20.095958
837.0,-0.63294,0.506676,1.770409,-0.999231,0.339911,1.333093,-1.251791,-0.271849,-1.722888,1.160662,0.772045,-26.222116
838.0,0.171148,0.552103,1.551289,-1.135831,0.272782,0.885795,-0.421962,-0.628218,-0.60692,1.317424,0.730035,-26.637
840.0,0.177515,-0.827423,-0.679158,1.119573,-0.42777,-0.698391,0.754666,1.469438,1.777211,-0.395811,1.965823,-15.636925
841.0,-0.373554,1.129148,1.567537,-1.497863,0.839709,1.683972,-1.004385,-1.505934,-0.948757,-0.434561,2.812691,-27.973633
847.0,0.602476,-1.591484,-0.716899,1.194137,-1.388267,-0.876056,0.921995,1.720937,1.778993,0.300189,2.683419,-15.117976
848.0,0.119412,-0.476519,-0.503378,1.16058,-0.837601,-1.044681,0.363636,0.977699,1.583199,-0.062357,2.347779,-15.469333
849.0,0.391447,-1.099326,-1.426213,0.527853,-1.112249,-0.697697,0.810602,1.494069,1.216978,-0.459391,3.797082,-13.737505
851.0,-0.62806,1.49123,1.317737,-1.077063,1.232398,1.170926,-1.188089,-1.619457,-1.050981,0.147213,7.234596,-31.150325
853.0,-0.117175,0.580736,1.15144,-1.370768,1.040158,1.652516,-0.90335,-0.699098,-1.1699,0.369283,2.471815,-27.85803
854.0,0.784384,-1.195934,-1.128851,1.635725,-1.595267,-0.9559,0.615748,0.827331,-0.164301,-0.422394,5.8544,-10.947142
859.0,0.568044,-0.806057,-0.334216,1.379053,-0.622943,-1.168197,1.248718,0.452455,0.904249,-0.01028,3.263588,-14.4001
860.0,-1.103378,1.400114,1.171802,-1.249758,0.477904,1.705256,-1.560983,-1.78603,-0.863818,-0.452897,3.944651,-28.87305
864.0,1.240149,0.587335,0.820472,0.239096,0.049802,0.772545,-0.038897,0.109651,0.857876,0.921978,-1.249323,-21.450246
865.0,1.150457,0.914386,0.998568,0.744228,-0.232699,0.37755,0.146908,0.525681,0.401538,2.005345,-1.30159,-20.080072
866.0,-0.068565,-0.93345,-1.31998,0.808901,-1.317393,-1.310635,1.900312,1.294204,0.911626,-0.654988,8.27207,-7.48441
870.0,-0.266556,0.270572,1.425275,-0.438284,0.534818,0.364931,-0.450168,-1.130391,-0.66728,2.224592,-0.13731,-25.541392
873.0,1.707164,0.494334,0.367336,0.217739,0.439076,0.510455,0.059201,0.609134,0.13696,2.118972,-0.993976,-19.866766
876.0,0.040293,1.502459,0.460732,-1.335617,0.334925,1.371249,-1.48045,-1.34918,-1.138069,-0.357644,4.889227,-29.502438
879.0,0.372817,-0.280681,1.016182,-0.628361,1.164426,0.258648,-0.529343,-0.191833,0.38513,1.568253,-1.104652,-23.917698
881.0,-0.348077,0.017553,1.602315,-0.788566,0.457628,1.068212,-0.889235,-1.229409,-0.789864,1.306877,1.765664,-27.240273
888.0,-0.191995,0.840872,1.291983,-0.719402,0.487073,2.059456,-1.239363,-1.107007,-1.19587,-0.224338,4.192882,-29.066826
895.0,0.241658,-0.841011,-0.201162,0.437824,-0.753758,-0.614286,1.717155,1.361147,1.187788,-1.000658,3.412209,-13.718532
896.0,-0.45262,0.781507,2.103973,-0.951343,0.850686,1.167736,-0.838229,-0.735963,-0.874092,1.151799,2.626422,-27.805786
903.0,0.68023,-0.68045,-0.834398,0.961601,-0.958044,-1.684383,0.803111,0.582956,1.340565,-0.588275,3.330217,-14.029865
909.0,-0.247366,0.716294,1.761592,-0.690328,0.983957,1.081994,-1.511455,-0.418721,-0.389018,0.565382,0.206769,-25.82046
910.0,-0.354279,-0.223966,1.214233,-0.408502,0.541302,1.042695,-0.315922,-0.1761,-1.390979,1.428996,-0.524441,-25.226347
914.0,0.281409,-0.737063,-0.759488,1.053841,-0.745565,-1.08174,1.979324,1.446417,0.760298,-2.378995,6.873534,-9.191932
915.0,0.610456,-0.507456,-0.101928,0.555441,-0.358977,0.009425,0.453187,0.156796,1.253167,-0.033727,0.15517,-18.355803
916.0,0.212791,0.748044,1.502234,-1.299057,0.553628,0.875527,-1.205168,-1.000316,-0.632274,1.602538,0.101385,-25.674493
921.0,0.477004,1.294512,0.554956,-0.891483,0.094001,0.899907,-0.942016,0.207278,-0.487972,1.562879,-0.607802,-25.305834
927.0,-0.026413,-0.605929,-1.268437,1.406295,-1.889695,-1.188764,0.591891,1.489793,0.706188,-2.059539,6.775154,-9.284297
932.0,1.816057,-0.102348,-1.274251,0.882235,-0.836659,0.082438,0.016273,0.80102,1.10572,1.476084,-0.306584,-18.51606
933.0,-2.000037,0.782374,1.50496,-1.098798,0.583303,1.147445,-1.216622,-0.840784,-0.952334,1.56323,0.992343,-26.728465
934.0,-1.46616,0.993705,0.166898,-1.272684,1.070505,1.170776,-0.846418,-0.814095,-1.025341,-0.137281,5.083152,-29.947245
939.0,1.699927,0.682473,0.778856,0.125605,0.355837,0.575192,1.032421,0.156792,0.247248,1.344669,-1.555407,-20.4674
956.0,1.127455,-0.393566,-0.141667,0.426531,-0.758867,-0.708328,0.327794,1.242678,1.541945,-0.622921,2.703823,-15.548292
958.0,0.219685,-0.398272,-0.590496,0.272542,-0.517151,-0.242954,0.361308,1.685047,1.065141,0.163991,4.771929,-12.254585
959.0,1.955536,-0.906934,0.830099,0.477016,-0.010438,-0.028777,0.360101,0.301173,1.147018,0.975565,0.027166,-18.673968
960.0,-1.44514,1.375605,1.20507,-1.092678,0.535539,1.763678,-1.472875,-1.355352,-0.751696,-0.319066,4.876071,-29.795452
973.0,-0.135126,0.556035,0.807492,-0.507021,0.878454,0.994058,-0.902935,-2.095531,-0.55953,1.543495,1.399167,-26.849897
974.0,0.827768,0.709399,0.929902,-0.71289,0.187534,0.473624,-0.991469,-0.887747,-0.330299,1.498353,-0.926323,-25.000115
987.0,1.425984,-0.804182,-0.412811,1.442434,-0.939784,-0.538219,0.75739,1.235014,1.259262,-0.824821,3.141541,-14.656225
994.0,0.713643,0.711409,1.137384,-0.728349,0.137573,0.792054,0.180592,-0.188142,-0.460333,0.019846,-0.83509,-24.772823
998.0,-0.947155,1.630164,0.378931,-1.185424,1.178925,0.810982,-1.535791,-1.623311,-1.678717,-0.211611,5.835697,-30.31579
999.0,0.258905,0.471628,-0.117988,-0.165319,0.512456,1.294311,-0.336061,-0.707941,-0.107997,1.96693,-1.075121,-24.170041
1001.0,2.084627,-0.289338,0.326084,0.056188,-0.351896,-0.427542,-0.490213,0.989008,1.565425,0.324531,0.40697,-18.128611
1002.0,0.573681,-0.472823,-0.137635,0.85509,0.317354,-0.409896,0.507526,1.29917,1.972084,0.06171,2.183678,-16.416073
1005.0,1.674861,0.282594,0.507709,-0.092236,0.779501,0.984739,-0.529954,0.441756,0.248638,1.352398,-1.240485,-19.8843
1010.0,1.968914,0.227403,0.35905,0.41755,-0.227996,-0.039543,0.509545,0.28371,0.425594,0.989061,-1.682397,-21.285635
1014.0,0.934361,-1.292274,-0.470519,1.429631,-1.749211,-1.103546,1.09816,0.607403,1.728664,0.06015,2.952137,-14.620935
1017.0,0.653378,0.77665,0.593732,-0.043174,0.337523,1.090703,-0.005334,0.439163,0.257136,2.28669,-1.426216,-24.19713
1018.0,2.106934,0.142581,1.011208,-0.346306,0.217584,0.214046,0.576072,0.597549,0.456795,1.954781,-1.458441,-21.047621
1026.0,1.647582,-0.203028,0.390152,0.196219,-1.043899,0.082011,0.98453,0.133651,1.26125,0.191332,0.917907,-17.784021
1040.0,1.388893,0.372615,0.644028,-0.510472,0.231664,0.140825,-0.990464,-0.181382,-1.615304,1.665745,-0.952689,-24.415714
1044.0,0.018582,-0.755275,-0.956519,0.593388,-0.803099,-0.717843,1.438892,0.528796,1.504498,-0.597454,5.310955,-11.81337
1045.0,2.000954,0.20059,0.271466,-1.010718,0.716028,0.19501,-0.244098,0.503195,-0.028352,1.543763,-1.593641,-20.907327
1059.0,-0.738155,1.009734,1.571056,-0.33215,0.594218,1.308113,-0.970033,-1.376775,-1.224675,-0.5114,2.393754,-27.760625
1060.0,0.532242,-0.175085,-0.452745,0.716791,-0.655798,-0.608378,-0.031399,0.75655,0.529053,1.066992,0.30765,-18.27743
1062.0,1.927923,-0.122775,0.721259,0.251477,-0.113894,0.526257,0.318453,-1.453003,0.980667,0.962193,-0.999861,-20.286023
1065.0,0.589833,-0.944111,-0.842662,0.751917,-0.018604,-0.159824,0.796323,0.921596,0.990849,-0.000896,4.91615,-12.250712
1068.0,0.450154,0.122775,1.815907,-0.894459,0.323628,0.910855,-0.212419,-0.708359,0.130584,1.625436,-0.203008,-25.65992
1070.0,1.002695,-1.245184,-0.335422,0.787693,-0.872713,-0.853687,1.490354,1.057482,1.666862,-0.446831,3.09284,-14.202358
1074.0,0.214888,-1.106217,-1.144097,1.15279,-0.605054,-0.761255,1.184349,0.75051,0.471883,-0.987701,6.570676,-10.352131
1078.0,0.530547,0.437468,0.601154,0.370084,1.098601,0.556801,0.471767,0.513996,0.326109,1.387358,-1.430722,-20.566576
1079.0,0.466043,-1.055195,-1.432197,1.327293,-1.106629,-0.709497,1.133536,0.369254,0.565859,-0.929379,6.342059,-10.543256
1080.0,-2.226217,1.808454,0.752748,-1.189043,0.773745,1.84054,-1.261792,-1.645752,-1.003842,-0.479121,4.939372,-29.719102
1083.0,1.87993,-0.600748,-0.590364,1.161356,-0.752512,-0.85735,1.242471,0.714338,1.407652,0.575388,1.604318,-16.106406
1087.0,0.455493,0.69909,1.192547,-0.516303,-0.243435,0.548091,-0.501096,-0.624949,-0.551427,1.591858,-0.749963,-22.38579
1099.0,0.003999,-1.430576,-1.012445,0.433347,-1.288467,-1.553266,1.33805,0.608867,0.361403,-0.562552,5.787124,-10.673033
1101.0,2.037036,0.463473,0.278688,-1.009192,-0.150759,-0.273218,0.032652,0.460574,-0.440174,1.603073,-1.134588,-22.09927
1102.0,-1.365554,0.815219,0.62875,-1.260744,0.925609,1.281632,-1.194665,-0.796013,-1.520086,-0.516325,2.876236,-28.016702
1103.0,0.851995,-0.935561,-0.610964,1.049377,-0.907528,-0.622594,0.467409,1.363229,1.701242,-0.409182,2.621448,-15.507243
1104.0,-0.211165,0.157521,0.74132,-0.299855,0.588608,-0.099009,-0.259378,0.291602,0.713525,1.651997,-0.94005,-23.577568
1111.0,0.262839,0.5433,1.271133,-1.071874,0.774445,0.840131,-0.520101,0.190127,-0.086046,0.873525,-0.498631,-25.02124
1112.0,0.746144,0.352336,1.153134,0.844722,0.127793,0.446005,-0.456331,-0.363002,0.713065,1.41865,-1.426808,-20.389008
1120.0,1.82596,0.022781,-0.544696,0.750566,-0.949116,-1.469463,0.953458,0.271553,0.735536,0.132714,1.608244,-16.604877
1121.0,-0.84295,1.316748,1.122696,-1.180411,0.775186,1.241994,-1.567509,-1.62123,-0.785593,0.061555,2.163303,-27.62305
1123.0,-0.196751,1.058056,1.443643,-0.813753,0.554649,1.502416,-1.03188,-0.849094,-1.185458,0.023222,2.466801,-27.837763
1130.0,-0.770003,0.513068,1.102334,-1.778448,-0.081151,1.612457,-1.27453,-1.068803,-1.312322,0.060099,2.351749,-27.790741
1142.0,0.502731,0.430921,1.177798,-0.408867,0.358818,0.13008,-0.107633,-0.669495,0.435288,1.861809,-1.039273,-22.838575
1150.0,-0.157005,1.165645,1.829391,-1.011687,0.201664,1.123702,-0.777963,-0.541738,-1.213249,0.944875,1.773289,-27.477348
1151.0,1.714425,0.010877,0.51142,-0.18391,0.597078,0.498073,-0.738423,-0.225484,0.122454,1.154888,-1.229502,-20.885761
1154.0,-0.047447,0.704762,-0.393829,-1.372148,-0.015618,1.533143,-1.269331,-1.08266,-1.0383,0.60409,3.46644,-28.50094
1155.0,-1.15568,1.748328,0.50872,-1.306431,1.482329,-0.095688,-1.426002,-0.604412,-1.63964,-0.341588,6.678162,-31.102482
1156.0,1.648016,0.025619,1.275683,-0.558898,0.473906,0.206218,0.10356,0.084027,-0.199054,1.589477,-1.702568,-21.288386
1166.0,0.254014,0.070288,1.14873,-0.715562,-0.121961,1.300538,-0.720776,-0.485119,-1.518443,2.296363,-0.611748,-25.085026
1185.0,-0.219747,-1.195329,-0.959632,1.62222,-0.642676,-1.070955,0.901255,1.534814,0.470792,-1.688836,6.906664,-9.517535
1189.0,0.523252,-1.37572,-0.657682,0.548861,-1.043177,-0.29994,0.419204,0.458417,1.463694,-0.157785,1.113098,-16.769903
1193.0,-0.391689,1.153186,1.656492,-0.720313,0.497219,0.913982,-1.175372,-0.826502,-0.583987,1.593227,0.985162,-26.518677
1198.0,0.742219,-1.601278,-0.451216,0.911989,-0.662583,-1.030329,1.553883,0.695896,0.832918,0.213143,6.54132,-9.581014
1200.0,0.807437,-1.186296,-0.182084,0.58505,-1.115922,-0.931115,0.697398,1.152426,0.705941,-0.255313,4.769049,-12.457225
1201.0,0.635544,-0.761099,-1.242408,0.607619,-1.366005,-0.981235,1.493997,1.266752,0.264882,-0.447179,6.940835,-9.16181
1204.0,-2.526427,1.20105,0.644238,-1.067436,0.515323,1.943584,-1.669422,-1.084408,-0.99333,-0.038633,5.204149,-29.711256
1213.0,1.731405,0.354494,0.344808,0.50375,-0.360393,-0.105999,0.427827,0.219848,0.093195,1.110683,-0.150853,-18.809026
1215.0,0.206808,-0.866778,-0.696221,1.530596,-0.63567,-1.115525,0.871364,0.96355,0.107878,-0.018969,5.293548,-11.858094
1229.0,1.496217,0.5484,0.04776,0.119012,0.429996,0.971661,-0.892428,-0.07782,0.399302,1.068077,-1.27729,-20.000542
1231.0,-0.930872,0.548084,1.105196,-1.336922,0.597938,1.789771,-1.197327,-0.470239,-1.579735,-0.256573,3.750054,-28.768541
1232.0,0.121128,-1.351656,-1.149738,0.83482,-1.088902,-1.085164,0.861288,0.531318,0.740075,-0.619901,5.764865,-10.740558
1242.0,-0.708217,-1.102291,-0.334261,1.688247,-0.385095,-0.667024,0.892186,1.269332,1.396729,-0.988045,2.554442,-15.162399
1244.0,-0.607323,0.412254,1.594928,-1.194889,0.433635,1.648539,-0.873635,-1.250912,-1.066459,-0.565423,1.900477,-27.389159
1246.0,0.789817,-1.082155,-0.400965,1.482744,-0.765765,-0.827565,1.00908,1.147727,1.500885,0.232666,4.459832,-13.300278
1249.0,-0.309538,1.224486,1.68093,-0.855039,0.93702,2.094222,-1.15824,-1.295118,-1.227465,-0.356609,3.7502,-28.534107
1251.0,0.124462,-1.246114,-1.941893,0.940397,-0.777738,-1.823383,1.866264,1.291373,-0.137477,-1.016282,6.5521,-9.86036
1256.0,-0.78755,1.256973,0.692853,-1.047512,1.04963,0.871037,-1.555672,-1.476303,-1.742065,0.027599,6.516293,-31.042257
1258.0,0.103737,1.544968,0.773674,-1.589743,0.755346,1.16912,-1.432239,-0.793153,-2.054101,-0.285633,5.395414,-30.170643
1266.0,-0.484118,-1.272227,-2.105776,1.103145,-0.96238,-0.837655,0.577484,0.639364,0.785653,-1.200554,4.82495,-11.459059
1272.0,0.317575,-0.962587,-0.732272,1.272156,-0.69073,-1.361834,1.504264,1.046754,1.103246,-0.503042,4.249739,-13.090339
1273.0,-1.466833,1.044928,1.48801,-0.738637,0.689417,0.866494,-1.066602,-0.690084,-0.672713,1.711997,0.507408,-25.917899
1275.0,-1.194802,-1.091842,-1.589748,0.283365,-1.514434,-1.104564,1.214583,0.442902,0.389122,-0.638201,8.226583,-7.437321
1277.0,-0.09886,0.363048,1.440247,-1.260218,0.905746,1.141954,-1.341532,-0.550555,-1.360793,0.802914,1.299723,-26.885766
1294.0,0.449954,-0.855784,-0.932091,-0.052305,-1.244292,-0.025368,0.631964,0.414261,1.380428,-0.223153,1.418787,-16.693913
1295.0,1.291199,-0.273898,0.587984,0.310989,-0.46849,-0.484588,0.332626,0.689682,0.485296,0.889948,0.041186,-18.555954
1302.0,0.552828,-0.673623,-1.271171,0.842258,-0.485927,-0.652669,1.123907,1.305809,1.549309,-1.981361,3.426644,-13.83698
1314.0,-1.612516,1.978293,0.314938,-1.40989,1.521943,0.268784,-1.090324,-0.80045,-0.58185,-1.076564,6.906039,-31.120735
1319.0,-0.92352,-0.002905,1.806592,-0.96836,0.425467,1.357605,-1.509357,-0.940815,-1.63845,-0.54232,1.690808,-27.444691
1321.0,0.614785,0.877132,1.390483,-0.555783,-0.18277,0.414826,-0.474732,-0.344726,0.037864,2.598811,-0.988531,-24.469533
1330.0,0.729885,0.117436,-0.213742,0.326089,0.107029,0.392581,-0.790483,0.410769,1.328255,-0.038608,0.81488,-17.315782
1338.0,0.130121,-1.032226,0.071713,0.948437,-0.758705,-0.927292,0.850993,1.24916,1.472543,0.013756,3.155658,-14.257953
1339.0,-0.108023,-0.805686,-1.029168,0.26126,-1.124988,-1.283954,1.242695,0.645308,0.338648,-0.627071,7.78865,-8.270883
1342.0,1.61059,-1.403909,-1.891608,0.598232,-0.961395,0.064749,0.619232,0.330089,1.025701,-0.181007,1.627359,-16.375934
1344.0,-0.413434,0.934232,1.194454,-1.192714,0.862718,1.867849,-1.582972,-0.581142,-1.200784,-0.585863,3.868733,-28.773461
1345.0,-1.222613,1.045335,0.662485,-1.142003,1.079984,1.273709,-1.729617,-0.519196,-1.40017,-0.626075,5.1106,-29.765917
1351.0,0.525104,-1.034925,-2.032973,1.418941,-1.491199,-0.976739,1.535362,0.296188,-0.97433,-0.668943,7.95575,-7.789629
1353.0,-1.327241,0.947508,1.711595,-1.139813,0.726068,1.90282,-1.022016,-1.401308,-1.260801,0.287522,3.438586,-28.436321
1363.0,1.103789,-1.65513,-0.425477,0.369526,-0.774905,-1.20629,0.853136,1.625875,1.258032,-0.593329,3.513258,-14.293118
1367.0,-0.354706,0.720691,1.297484,-0.776109,-0.283904,0.789546,-0.918551,-0.355479,-0.831612,1.132382,0.48684,-26.109263
1374.0,-0.366575,1.023464,1.499161,-0.465293,0.95852,1.571932,-1.039603,-0.975544,-1.386563,1.038352,2.140038,-27.701122
1379.0,0.583512,-0.566386,-0.914311,1.179734,-1.152928,-0.864809,1.261259,0.486509,1.182029,0.13615,3.841025,-13.294132
1381.0,0.066738,-0.683061,-1.634491,1.047475,-0.886075,-1.50237,0.722004,0.502429,0.555664,-1.080667,7.766747,-7.792214
1390.0,2.467686,-0.154397,0.029669,0.835743,-0.539838,-0.597889,0.357737,0.54306,0.747149,1.051123,-0.210633,-18.764242
1398.0,0.243297,-0.974175,-1.335977,0.486251,-0.601953,-0.92952,1.250077,1.094017,0.160241,-1.731563,6.40445,-9.880898
1399.0,-0.001024,-0.817761,-1.642538,0.789927,-1.184234,-0.709268,1.377633,1.406976,0.154474,-0.550412,7.615708,-8.04389
1404.0,-0.140372,-1.373454,-1.06126,2.327658,-1.234886,-1.507207,0.8833,1.933199,0.874413,-0.934161,7.44004,-8.791622
1409.0,1.045758,-0.449809,-1.393708,1.272709,-0.645133,-0.693809,1.069822,0.181157,1.18427,-0.294819,4.302496,-12.804836
1414.0,-0.258756,1.332092,0.619853,-1.371661,1.364419,1.031257,-1.068558,-1.468159,-1.239096,-0.00383,5.895656,-30.486787
1416.0,1.001586,-1.514966,-1.12909,1.467296,-0.94445,-0.779949,0.341345,1.455389,0.603386,-1.100008,7.136961,-9.012938
1418.0,0.353413,0.845766,0.899947,-0.773206,0.302611,1.487714,-0.593081,0.005131,0.63691,2.285428,-1.422829,-22.961739
1422.0,-0.136483,0.776743,1.668202,-0.539357,0.794736,0.721451,-0.867341,-1.072837,-0.602832,0.867325,1.372883,-26.747544
1425.0,0.983847,-0.319204,-0.987521,1.127262,-1.332337,-0.718475,0.56638,0.943745,1.600441,-0.131128,4.46923,-13.020044
1437.0,-0.416049,1.252792,0.038993,-1.237646,0.632927,1.035853,-1.317418,-1.085949,-1.545849,-0.393762,6.230908,-30.677252
1439.0,-1.216529,1.735788,0.259983,-1.151602,1.351043,0.560403,-1.167738,-1.269408,-0.873041,-0.484156,7.179025,-31.530941
1446.0,0.236221,0.51958,1.369543,-0.828077,-0.10171,0.814715,-0.264597,-1.146501,0.193314,1.751473,-0.008339,-25.636546
1447.0,0.670787,-1.507287,-0.65589,0.673335,-0.980998,-0.816638,1.01497,1.550181,0.920681,-0.112392,4.280597,-12.654841
1450.0,-1.254625,-0.741747,-1.141809,0.649718,-1.042631,-0.634694,1.48761,1.216401,0.334782,-0.897394,6.216924,-9.898958
1452.0,0.532835,-0.955519,-0.815842,1.309973,-1.028355,-0.793591,1.413324,1.157079,0.809996,-0.178475,6.940963,-9.44065
1454.0,0.085286,0.577777,1.739725,-1.500949,0.790099,1.285127,-0.767759,-1.20638,-1.119887,0.128542,1.417946,-27.225021
1466.0,1.135168,-0.936535,-0.101461,0.715737,-1.273646,-0.519584,0.959359,1.165489,0.816863,-0.331738,3.09335,-14.192742
1471.0,-0.563026,-0.016139,1.100344,-0.117863,0.262922,0.990477,-0.284844,-0.41804,-0.273904,2.459611,-0.52659,-24.52859
1473.0,-0.694724,1.184451,1.42653,-1.260271,0.254272,1.588396,-1.015617,-1.269062,-0.738645,0.246257,4.587862,-29.743108
1474.0,2.088156,0.160464,-1.101186,0.864773,-0.002852,-0.650301,-0.311431,0.152538,0.548056,0.978403,-0.961247,-19.418516
